red,green,blue,nir,ndvi,label,city,year,subclass
0.1116575,0.09399149999999999,0.06895000000000001,0.2329875,0.35204342,1,riverside,2020,urban
0.177004375,0.1522475,0.1080825,0.227295,0.12438957,1,riverside,2020,urban
0.1064538888888889,0.1013615,0.069962,0.18399625000000003,0.26697305,1,riverside,2020,urban
0.24848375,0.23110833333333333,0.18288250000000003,0.25453833333333337,0.012036417,1,riverside,2020,urban
0.20578541666666664,0.1515325,0.10105625,0.32888275,0.23023127,1,riverside,2020,urban
0.08300249999999998,0.07783249999999997,0.05727625,0.0935075,0.05951504,1,riverside,2020,urban
0.12458249999999998,0.11163000000000001,0.08173749999999998,0.13620125,0.044553198,1,riverside,2020,urban
0.14139875000000002,0.11781750000000002,0.08960249999999999,0.21283000000000002,0.20165288,1,riverside,2020,urban
0.22433187500000001,0.2055205,0.162406,0.22820250000000003,0.008553218,1,riverside,2020,urban
0.16834875,0.15561166666666668,0.12458250000000003,0.22605750000000002,0.14631805,1,riverside,2020,urban
0.09043666666666667,0.0926,0.03209999999999999,0.41518875,0.642278,1,riverside,2020,urban
0.14092666666666667,0.11807875000000001,0.08773250000000002,0.242915,0.26570418,1,riverside,2020,urban
0.1343870138888889,0.10294500000000001,0.07374416666666667,0.25903,0.31682155,1,riverside,2020,urban
0.17832093750000003,0.161515,0.12616964285714286,0.19716749999999997,0.050192125,1,riverside,2020,urban
0.17266166666666666,0.15422750000000002,0.09999749999999999,0.25541375,0.19331193,1,riverside,2020,urban
0.12879,0.1208975,0.08254875,0.19890468750000004,0.21396345,1,riverside,2020,urban
0.141433125,0.11640583333333333,0.082865,0.214019375,0.20420802,1,riverside,2020,urban
0.11870712500000002,0.10735375,0.073625,0.1795,0.20386124,1,riverside,2020,urban
0.17043874999999997,0.1410825,0.10677625,0.2582153125,0.2047725,1,riverside,2020,urban
0.13636900000000002,0.12583833333333336,0.08672875000000001,0.207474375,0.20679583,1,riverside,2020,urban
0.1393225,0.11593375,0.07198874999999999,0.23489875,0.2554004,1,riverside,2020,urban
0.16143249999999998,0.1380575,0.09601,0.265898125,0.2444609,1,riverside,2020,urban
0.187035,0.166355,0.13154916666666666,0.21147826923076923,0.06133615,1,riverside,2020,urban
0.27733125000000003,0.24815375,0.19430875,0.276086875,-0.0022485259,1,riverside,2020,urban
0.135286875,0.103579375,0.060961249999999995,0.26506625,0.32416227,1,riverside,2020,urban
0.23538458333333334,0.210100625,0.1613225,0.25964875,0.049015217,1,riverside,2020,urban
0.24878166666666665,0.22014250000000002,0.17026916666666667,0.2633475,0.028441718,1,riverside,2020,urban
0.2789785,0.25981375,0.21355875000000002,0.29973,0.035858296,1,riverside,2020,urban
0.16673000000000002,0.13345583333333333,0.09762513392857142,0.259415,0.2174964,1,riverside,2020,urban
0.14219166666666666,0.12818500000000002,0.10083625000000002,0.16471875,0.07339954,1,riverside,2020,urban
0.1568895,0.12427999999999999,0.0843005,0.32377187500000004,0.34719324,1,riverside,2020,urban
0.12499614583333334,0.11773843749999999,0.07519708333333334,0.2113358333333333,0.25670972,1,riverside,2020,urban
0.12977999999999998,0.11116250000000001,0.08370833333333332,0.18627187499999998,0.17874241,1,riverside,2020,urban
0.38444100000000003,0.3534970833333333,0.30609166666666665,0.4153354166666666,0.038628817,1,riverside,2020,urban
0.1024759375,0.09447785714285714,0.05825250000000001,0.16293125,0.22778325,1,riverside,2020,urban
0.2605425,0.24076999999999998,0.18293749999999998,0.2817725,0.03914699,1,riverside,2020,urban
0.11948125000000001,0.11366499999999999,0.07326749999999999,0.238856,0.3331352,1,riverside,2020,urban
0.2371282142857143,0.223335,0.18469200000000002,0.2410175,0.0081341015,1,riverside,2020,urban
0.2737745833333334,0.24259416666666667,0.18402833333333332,0.29242875,0.032946058,1,riverside,2020,urban
0.1749405,0.15876500000000002,0.11417375,0.19691781249999998,0.059101306,1,riverside,2020,urban
0.12709874999999998,0.10921,0.0832775,0.2063675,0.23771146,1,riverside,2020,urban
0.12380906250000001,0.10063825000000001,0.07284714285714286,0.25494625000000004,0.34623194,1,riverside,2020,urban
0.23884500000000003,0.20446999999999999,0.15543749999999998,0.29259833333333335,0.10114594,1,riverside,2020,urban
0.12251175,0.11273750000000002,0.08167403846153844,0.1357475,0.051249858,1,riverside,2020,urban
0.11395374999999999,0.07747499999999999,0.040295,0.27975583333333337,0.4211279,1,riverside,2020,urban
0.2568465,0.22964166666666666,0.17350500000000002,0.27007125,0.02509832,1,riverside,2020,urban
0.20601000000000003,0.19164124999999999,0.148095,0.2096675,0.008798889,1,riverside,2020,urban
0.1376736458333333,0.12797943750000002,0.09267500000000001,0.20510555555555554,0.19672112,1,riverside,2020,urban
0.178935,0.16809025,0.13069250000000002,0.24726785714285718,0.16032942,1,riverside,2020,urban
0.32162,0.28611062499999995,0.22706125000000002,0.36595916666666667,0.06448591,1,riverside,2020,urban
0.10762874999999998,0.10170249999999997,0.07480749999999999,0.19454249999999998,0.28763077,1,riverside,2020,urban
0.09693674999999999,0.08743,0.056112999999999996,0.16357750000000001,0.25580463,1,riverside,2020,urban
0.27883,0.25254,0.19202625,0.28266166666666664,0.0068240846,1,riverside,2020,urban
0.19685799999999998,0.18105374999999996,0.138270625,0.20570750000000002,0.021982757,1,riverside,2020,urban
0.065986875,0.06464625000000002,0.039520416666666655,0.266530625,0.60310733,1,riverside,2020,urban
0.2570775,0.237806875,0.198935625,0.26605968750000003,0.017169852,1,riverside,2020,urban
0.31115625,0.29424375,0.22507208333333337,0.3193925,0.013062036,1,riverside,2020,urban
0.2036725,0.18307500000000002,0.11123125,0.2455,0.09312124,1,riverside,2020,urban
0.13820875,0.12698187500000002,0.08754,0.19381833333333334,0.16748509,1,riverside,2020,urban
0.118703,0.109595,0.0763145,0.190850625,0.23306988,1,riverside,2020,urban
0.18649875000000002,0.16876583333333336,0.13020625,0.20887,0.05658325,1,riverside,2020,urban
0.1770965,0.15861833333333333,0.1204979411764706,0.19472675,0.047415674,1,riverside,2020,urban
0.241056,0.22540535714285714,0.17872083333333333,0.2513605555555556,0.020926502,1,riverside,2020,urban
0.2670325,0.24510125,0.18069625,0.3213175,0.09226651,1,riverside,2020,urban
0.133465,0.10709250000000001,0.06585624999999998,0.20636749999999998,0.2145248,1,riverside,2020,urban
0.12647607142857145,0.119441375,0.07821032608695652,0.25234115384615385,0.33225808,1,riverside,2020,urban
0.10702375,0.104101875,0.06941062499999998,0.1723225,0.2337556,1,riverside,2020,urban
0.2170375,0.187255,0.14131625,0.26811875,0.105288245,1,riverside,2020,urban
0.15545124999999999,0.1373582142857143,0.1031325,0.2390492857142857,0.21190855,1,riverside,2020,urban
0.10331430555555556,0.09574531249999997,0.06455491071428572,0.16581050000000003,0.23222011,1,riverside,2020,urban
0.1747425,0.1358678125,0.09508599999999999,0.2762541666666667,0.22508296,1,riverside,2020,urban
0.2670634375,0.24693,0.2023305,0.27548531249999997,0.0155227985,1,riverside,2020,urban
0.15753849999999997,0.14416250000000003,0.10953541666666666,0.17442166666666667,0.050859015,1,riverside,2020,urban
0.1501575,0.13616,0.09463500000000002,0.22223500000000002,0.19355251,1,riverside,2020,urban
0.138724375,0.11944687500000001,0.08298302083333332,0.1835379166666667,0.13905922,1,riverside,2020,urban
0.15266,0.1345741666666667,0.103043125,0.192315,0.11495036,1,riverside,2020,urban
0.15690966666666664,0.13451267361111108,0.10472921874999999,0.21807333333333334,0.16311051,1,riverside,2020,urban
0.58736625,0.5258349999999999,0.44581,0.63061,0.03550459,1,riverside,2020,urban
0.4544633333333334,0.42476699999999995,0.3736342857142857,0.4977810714285714,0.045490146,1,riverside,2020,urban
0.16953125,0.14891083333333335,0.09621350000000001,0.355115,0.35373122,1,riverside,2020,urban
0.08059777777777778,0.079715,0.0449,0.18175775,0.38558355,1,riverside,2020,urban
0.146885,0.11056666666666666,0.07412000000000002,0.22598416666666665,0.21213652,1,riverside,2020,urban
0.216205625,0.1982275,0.14629375,0.23377124999999999,0.03903673,1,riverside,2020,urban
0.12724083333333333,0.1205675,0.084521875,0.17616562500000002,0.16125165,1,riverside,2020,urban
0.127745,0.11561749999999998,0.09327178571428571,0.14425416666666666,0.060695652,1,riverside,2020,urban
0.147435,0.11426999999999998,0.07665,0.27517708333333335,0.30226794,1,riverside,2020,urban
0.21799083333333336,0.19597250000000002,0.14882833333333334,0.2517975,0.071961485,1,riverside,2020,urban
0.12855624999999998,0.11308291666666667,0.04951437499999999,0.23500187499999997,0.29278848,1,riverside,2020,urban
0.07997605263157896,0.07647000000000001,0.04875486842105263,0.17360296875,0.36922187,1,riverside,2020,urban
0.400414375,0.37014375000000005,0.3230225,0.42723833333333333,0.03240968,1,riverside,2020,urban
0.18247458333333336,0.147435,0.10858499999999999,0.2745714285714286,0.20150454,1,riverside,2020,urban
0.09484125,0.088798125,0.05524812500000001,0.17676375,0.30162367,1,riverside,2020,urban
0.09535611111111111,0.0921825,0.08002333333333332,0.13044785714285714,0.15540801,1,riverside,2020,urban
0.31797625,0.29966812500000006,0.25288374999999996,0.31242125,-0.0088119,1,riverside,2020,urban
0.144135,0.12078749999999999,0.08554625000000002,0.22257416666666666,0.21390021,1,riverside,2020,urban
0.11624083333333332,0.11594750000000001,0.07450774999999998,0.28327125,0.41808602,1,riverside,2020,urban
0.12243749999999998,0.1138575,0.07884999999999999,0.1661625,0.15150727,1,riverside,2020,urban
0.14618374999999997,0.1036825,0.06134625000000002,0.2498725,0.2618031,1,riverside,2020,urban
0.3187233333333333,0.272945,0.18823125000000002,0.33640125,0.026984053,1,riverside,2020,urban
0.1596725,0.1403565,0.10600625,0.22749437500000003,0.17517479,1,riverside,2020,urban
0.13087083333333333,0.11072250000000002,0.07962687499999999,0.22415312499999998,0.26274928,1,riverside,2020,urban
0.1736333333333333,0.16024999999999998,0.11388500000000001,0.23503625,0.15025076,1,riverside,2020,urban
0.020962499999999995,0.030525625,0.021650000000000003,0.034877500000000006,0.24919413,1,riverside,2020,urban
0.241643125,0.171853625,0.13182645833333334,0.25787041666666666,0.03248619,1,riverside,2020,urban
0.17690124999999998,0.15123916666666667,0.11515000000000002,0.19644,0.052334826,1,riverside,2020,urban
0.09596874999999999,0.09494666666666667,0.06489375,0.18708999999999998,0.3219164,1,riverside,2020,urban
0.20022125000000002,0.17580812499999998,0.12151968750000003,0.253358125,0.11715011,1,riverside,2020,urban
0.255345,0.21548374999999997,0.14955249999999998,0.297255,0.07584148,1,riverside,2020,urban
0.30620900000000006,0.28587,0.24498666666666669,0.3245854166666667,0.02913218,1,riverside,2020,urban
0.2241221875,0.202765,0.1538645,0.23777937500000002,0.029567312,1,riverside,2020,urban
0.08336550000000001,0.07976618421052634,0.060530769230769235,0.19582262500000003,0.40280053,1,riverside,2020,urban
0.1326895,0.09975916666666666,0.07139749999999997,0.22477416666666664,0.25760567,1,riverside,2020,urban
0.503030625,0.46490875000000004,0.4164439285714286,0.5257910000000001,0.022122761,1,riverside,2020,urban
0.1945975,0.1756775,0.1284875,0.27487,0.17098628,1,riverside,2020,urban
0.245225,0.22395375,0.17999500000000002,0.2801067857142857,0.06639954,1,riverside,2020,urban
0.18541555555555556,0.17356749999999999,0.12681868421052633,0.2285346153846154,0.10416485,1,riverside,2020,urban
0.25485,0.23591166666666666,0.18922125,0.297165625,0.07665657,1,riverside,2020,urban
0.14290142857142854,0.11807531249999997,0.08811160714285715,0.21955833333333333,0.2114908,1,riverside,2020,urban
0.1228225,0.09353499999999998,0.06365625,0.19863999999999998,0.23585176,1,riverside,2020,urban
0.16057449999999998,0.14131900000000003,0.10907249999999998,0.22414166666666668,0.16523133,1,riverside,2020,urban
0.16689583333333333,0.14271875,0.10178499999999999,0.2121425,0.11937227,1,riverside,2020,urban
0.30366249999999995,0.281525,0.2299441666666667,0.3034791666666667,-3.0196138E-4,1,riverside,2020,urban
0.13961277777777778,0.1043638888888889,0.075336875,0.26175708333333336,0.30431858,1,riverside,2020,urban
0.09423166666666666,0.092524375,0.0604525,0.178571875,0.30916098,1,riverside,2020,urban
0.12140625,0.10536000000000001,0.07761249999999997,0.1457025,0.090960145,1,riverside,2020,urban
0.14115124999999998,0.11994416666666666,0.08793416666666667,0.26297625,0.3014519,1,riverside,2020,urban
0.1050905,0.09804500000000001,0.057488611111111115,0.17431625,0.24775976,1,riverside,2020,urban
0.2063125,0.18291000000000002,0.12089749999999999,0.22684125,0.04739368,1,riverside,2020,urban
0.18151972222222224,0.15806031250000002,0.11488049999999998,0.22093,0.09792597,1,riverside,2020,urban
0.24880000000000002,0.217505,0.16851375000000002,0.2999775,0.093257286,1,riverside,2020,urban
0.3109225,0.28181375000000003,0.22801000000000002,0.3197408333333333,0.013982632,1,riverside,2020,urban
0.1457575,0.13022916666666665,0.09378249999999999,0.23663125,0.23764755,1,riverside,2020,urban
0.13165,0.1235925,0.08456999999999999,0.21354499999999998,0.23724271,1,riverside,2020,urban
0.11525421052631578,0.1071721052631579,0.0798787037037037,0.19360475,0.2536774,1,riverside,2020,urban
0.19366250000000002,0.1628075,0.11319749999999999,0.31490450000000003,0.23839927,1,riverside,2020,urban
0.177581875,0.13305250000000002,0.09382168749999999,0.303861875,0.2622944,1,riverside,2020,urban
0.14025749999999998,0.11366499999999999,0.07180999999999998,0.2758875,0.32592005,1,riverside,2020,urban
0.09452500000000003,0.08780125,0.05817,0.1362425,0.18077719,1,riverside,2020,urban
0.14974500000000002,0.12445875000000002,0.09125249999999999,0.21711999999999998,0.18365066,1,riverside,2020,urban
0.11450375000000002,0.11051625,0.07928656249999999,0.18823125,0.24353808,1,riverside,2020,urban
0.10230750000000002,0.09466249999999998,0.06574625,0.20928249999999998,0.34331974,1,riverside,2020,urban
0.15794000000000002,0.13781916666666666,0.09484124999999999,0.2583516666666667,0.24120508,1,riverside,2020,urban
0.15407625,0.12793749999999998,0.077915,0.24639833333333336,0.23053169,1,riverside,2020,urban
0.26233,0.2409441666666667,0.19336305555555555,0.2745170833333333,0.022701219,1,riverside,2020,urban
0.1431725,0.12452750000000001,0.09217375000000001,0.1853025,0.12825938,1,riverside,2020,urban
0.15639885416666666,0.13600874999999998,0.09875999999999999,0.18462875,0.082778916,1,riverside,2020,urban
0.270635,0.23982583333333332,0.18388625,0.30342416666666666,0.057118095,1,riverside,2020,urban
0.2873,0.2667025,0.21998,0.38513125,0.14548886,1,riverside,2020,urban
0.25655225,0.24149875000000004,0.19730968750000002,0.26661175000000004,0.019228196,1,riverside,2020,urban
0.08872249999999998,0.08081625,0.04365000000000001,0.24627,0.47030157,1,riverside,2020,urban
0.13425333333333334,0.11959583333333333,0.0715625,0.2274084375,0.2575752,1,riverside,2020,urban
0.12382625,0.12076,0.06972,0.42213249999999997,0.5463897,1,riverside,2020,urban
0.15498375,0.14087624999999998,0.100568125,0.20281083333333336,0.13367191,1,riverside,2020,urban
0.15398,0.11948583333333333,0.08243416666666668,0.2586175,0.25360674,1,riverside,2020,urban
0.139185,0.12348250000000001,0.09623,0.19620625,0.17001413,1,riverside,2020,urban
0.349278125,0.31264354166666664,0.25486650000000005,0.384601875,0.04813287,1,riverside,2020,urban
0.26519000000000004,0.24836000000000003,0.21044666666666667,0.265905,0.0013462751,1,riverside,2020,urban
0.23181600000000002,0.21436999999999998,0.16223,0.25535875,0.04832506,1,riverside,2020,urban
0.14668333333333333,0.13546975,0.09818249999999999,0.15747250000000002,0.035472497,1,riverside,2020,urban
0.12896940476190477,0.11586500000000002,0.08444777777777777,0.2017704166666667,0.22011565,1,riverside,2020,urban
0.20876,0.18293749999999998,0.13583,0.25507,0.099842615,1,riverside,2020,urban
0.1389925,0.1053325,0.075433125,0.26064333333333334,0.30440423,1,riverside,2020,urban
0.2952867857142857,0.26371531249999997,0.20946125000000002,0.31849875000000005,0.037817713,1,riverside,2020,urban
0.14062809523809522,0.12445416666666669,0.089025,0.16394187500000001,0.07654655,1,riverside,2020,urban
0.17713500000000001,0.16180833333333333,0.12381250000000002,0.21542050000000001,0.09752888,1,riverside,2020,urban
0.5275033333333334,0.49641687500000004,0.43488562499999994,0.5093945833333333,-0.01746435,1,riverside,2020,urban
0.05662541666666665,0.06576916666666667,0.03269763392857142,0.41655916666666665,0.76066244,1,riverside,2020,urban
0.21408125,0.19223937500000002,0.13990916666666667,0.23386062500000002,0.04415612,1,riverside,2020,urban
0.211640625,0.1802425,0.1250775,0.272527,0.12575474,1,riverside,2020,urban
0.3614895,0.32158333333333333,0.26832500000000004,0.352849,-0.012095806,1,riverside,2020,urban
0.17826861111111114,0.16500138888888888,0.12031999999999998,0.24682916666666668,0.16128185,1,riverside,2020,urban
0.199795,0.1799125,0.13463375,0.218055,0.043699894,1,riverside,2020,urban
0.23337250000000004,0.20849416666666665,0.16467062500000001,0.2588772222222222,0.051812567,1,riverside,2020,urban
0.11405,0.096745625,0.06314291666666667,0.22538650000000002,0.3280039,1,riverside,2020,urban
0.1966004166666667,0.17860625,0.14155916666666665,0.211943125,0.037554648,1,riverside,2020,urban
0.2313045,0.193339375,0.1271491666666667,0.26444750000000006,0.06685399,1,riverside,2020,urban
0.19790437500000002,0.16819864583333333,0.13103927083333333,0.27851375,0.1691988,1,riverside,2020,urban
0.44370624999999997,0.40262125,0.32388875,0.46784437500000003,0.026480291,1,riverside,2020,urban
0.14719666666666667,0.138525,0.08431333333333334,0.301524375,0.34392795,1,riverside,2020,urban
0.11236562499999998,0.093645,0.07042583333333334,0.1782716666666667,0.22676389,1,riverside,2020,urban
0.148865,0.10663875,0.06866125000000001,0.26259125,0.27639937,1,riverside,2020,urban
0.12703171875000002,0.12200093749999999,0.0829585,0.3290175,0.44290346,1,riverside,2020,urban
0.23106249999999998,0.21477791666666668,0.16307333333333335,0.23284541666666667,0.0038432556,1,riverside,2020,urban
0.2295408333333333,0.206374375,0.17017200000000002,0.29084750000000004,0.11780946,1,riverside,2020,urban
0.16328874999999998,0.137865,0.09981875000000001,0.19813675,0.09641821,1,riverside,2020,urban
0.1822225,0.166843125,0.1285755,0.19581666666666667,0.03595968,1,riverside,2020,urban
0.11562299999999999,0.10326999999999999,0.06378,0.16932500000000003,0.18846245,1,riverside,2020,urban
0.1804075,0.162608125,0.12060874999999999,0.20239374999999998,0.05743516,1,riverside,2020,urban
0.21520416666666667,0.19472583333333335,0.14347500000000002,0.22404083333333333,0.020117853,1,riverside,2020,urban
0.2562570833333333,0.215119375,0.149899,0.31114250000000004,0.09673151,1,riverside,2020,urban
0.25488781250000003,0.23443583333333334,0.18359979166666668,0.25643125,0.0030185408,1,riverside,2020,urban
0.1654475,0.147400625,0.11064687499999999,0.209255,0.11691275,1,riverside,2020,urban
0.1226575,0.10806416666666667,0.0771633333333333,0.21985625000000003,0.28378057,1,riverside,2020,urban
0.11663892857142857,0.10378615384615383,0.07975961538461537,0.183246875,0.22211103,1,riverside,2020,urban
0.1682525,0.132193125,0.09450666666666668,0.26176052083333334,0.21745393,1,riverside,2020,urban
0.25103535714285713,0.237272,0.19067875,0.254815,0.0074718595,1,riverside,2020,urban
0.222186875,0.17533375,0.12087916666666665,0.28272949999999997,0.11990624,1,riverside,2020,urban
0.1298934375,0.117301875,0.08743000000000001,0.140951875,0.04082935,1,riverside,2020,urban
0.2283125,0.20156875,0.1530725,0.27322,0.089540556,1,riverside,2020,urban
0.134723125,0.123241875,0.08966953124999999,0.2090854166666667,0.21628983,1,riverside,2020,urban
0.17467375000000002,0.14897499999999997,0.103545,0.22323416666666665,0.12203933,1,riverside,2020,urban
0.5025739285714286,0.45890000000000003,0.384045,0.5373116666666666,0.033405345,1,riverside,2020,urban
0.19665999999999997,0.170308125,0.134214375,0.23597812499999998,0.09087993,1,riverside,2020,urban
0.15572166666666667,0.139205625,0.10214799999999999,0.23641354166666667,0.20577565,1,riverside,2020,urban
0.20735291666666666,0.18464250000000001,0.14212750000000002,0.22494375,0.040691577,1,riverside,2020,urban
0.260659375,0.23726375,0.19198500000000002,0.277015,0.0304192,1,riverside,2020,urban
0.1939925,0.17024625,0.130275,0.22204250000000003,0.06742221,1,riverside,2020,urban
0.17490750000000002,0.15871,0.09605812500000001,0.24336875,0.16367473,1,riverside,2020,urban
0.1847525,0.165096875,0.12076,0.22502625,0.0982817,1,riverside,2020,urban
0.2204291666666667,0.20158708333333333,0.14389625,0.24041479166666666,0.043367445,1,riverside,2020,urban
0.17401650000000002,0.14259823529411766,0.1076601785714286,0.27084865384615386,0.2176663,1,riverside,2020,urban
0.252368125,0.226119375,0.181095,0.26862357142857146,0.03120097,1,riverside,2020,urban
0.1411711111111111,0.12351916666666667,0.09622607142857144,0.1598265,0.061978526,1,riverside,2020,urban
0.2337025,0.20678,0.15255,0.25541375,0.04438873,1,riverside,2020,urban
0.21271541666666668,0.18914424999999999,0.14839160714285715,0.27278274999999996,0.12372309,1,riverside,2020,urban
0.17771250000000002,0.1656675,0.13078222222222224,0.1929475,0.041102357,1,riverside,2020,urban
0.17816625,0.158719625,0.1065975,0.260295,0.1873113,1,riverside,2020,urban
0.14566653846153846,0.13162479166666666,0.09483972222222221,0.2195242857142857,0.20224425,1,riverside,2020,urban
0.16436583333333332,0.14384625,0.099849,0.23012062500000002,0.16668454,1,riverside,2020,urban
0.25467125,0.22883499999999998,0.17170375,0.28514125,0.056445524,1,riverside,2020,urban
0.17616333333333334,0.1484525,0.111705625,0.23990375,0.15319745,1,riverside,2020,urban
0.08831916666666667,0.08319499999999999,0.05692149999999999,0.1714535,0.32002726,1,riverside,2020,urban
0.025984,0.038906249999999996,0.024608541666666664,0.013156428571428565,-0.32773203,1,riverside,2020,urban
0.16672166666666668,0.1401475,0.0981825,0.21772500000000003,0.13266686,1,riverside,2020,urban
0.150906875,0.13858916666666668,0.0920775,0.2706075,0.28397757,1,riverside,2020,urban
0.15430541666666667,0.139108,0.11122666666666665,0.248353125,0.2335669,1,riverside,2020,urban
0.17528333333333332,0.138861875,0.09474041666666666,0.23773583333333334,0.15120968,1,riverside,2020,urban
0.1156175,0.09644999999999998,0.06411,0.198495625,0.263848,1,riverside,2020,urban
0.17228583333333333,0.159645,0.116215625,0.22531500000000002,0.13337287,1,riverside,2020,urban
0.22472692307692313,0.20489519230769232,0.16248208333333333,0.228566875,0.008471221,1,riverside,2020,urban
0.10513999999999998,0.09558375000000001,0.05470041666666667,0.22579625,0.36459062,1,riverside,2020,urban
0.18100333333333332,0.153045,0.11130687500000001,0.219326875,0.09572983,1,riverside,2020,urban
0.07651249999999998,0.071431875,0.046922500000000006,0.11306,0.19278903,1,riverside,2020,urban
0.2822984375,0.26475000000000004,0.20726125,0.29592124999999997,0.023559924,1,riverside,2020,urban
0.293838125,0.258975,0.20951625,0.360296,0.10159671,1,riverside,2020,urban
0.1584796875,0.12320357142857143,0.09138037499999999,0.2675896739130435,0.25608504,1,riverside,2020,urban
0.15000625,0.129395,0.095977,0.21707875,0.18271653,1,riverside,2020,urban
0.1743575,0.156956875,0.1140225,0.22630499999999998,0.129654,1,riverside,2020,urban
0.14013375,0.10648750000000001,0.07748875,0.23897333333333334,0.2607168,1,riverside,2020,urban
0.27671250000000003,0.2351325,0.16271583333333334,0.32677349999999994,0.08295304,1,riverside,2020,urban
0.15858625,0.12965625,0.08569749999999998,0.2604325,0.24305893,1,riverside,2020,urban
0.2041675,0.18416812500000002,0.13366666666666666,0.23768083333333334,0.07584805,1,riverside,2020,urban
0.13695520833333333,0.10417749999999998,0.07594416666666665,0.24923449999999997,0.2907361,1,riverside,2020,urban
0.17035166666666668,0.15212375,0.10111125000000001,0.18000875,0.027563283,1,riverside,2020,urban
0.10742525,0.10352666666666664,0.07209645833333332,0.18059083333333334,0.25403297,1,riverside,2020,urban
0.13186083333333334,0.1215465,0.08510472222222225,0.1925625,0.18710636,1,riverside,2020,urban
0.14840220588235292,0.131034,0.0996933823529412,0.18188906249999998,0.10138584,1,riverside,2020,urban
0.29410035714285715,0.27509458333333336,0.22241650000000002,0.291871875,-0.0038030508,1,riverside,2020,urban
0.09196199999999999,0.08750764705882352,0.06449907407407407,0.15397,0.25213474,1,riverside,2020,urban
0.5149450000000001,0.4658135,0.4014341666666667,0.5483575,0.031423327,1,riverside,2020,urban
0.29730999999999996,0.272725,0.2066058333333333,0.310499,0.021699252,1,riverside,2020,urban
0.194075,0.1661625,0.10894875000000001,0.23085624999999999,0.08655812,1,riverside,2020,urban
0.14527166666666666,0.12208687499999998,0.09282,0.2197953571428571,0.20413701,1,riverside,2020,urban
0.15279749999999998,0.14049124999999998,0.10575875000000001,0.17340416666666666,0.06317156,1,riverside,2020,urban
0.1450315,0.13427624999999999,0.0982375,0.17553083333333333,0.09514322,1,riverside,2020,urban
0.24023816964285716,0.219230625,0.17479475,0.24304562499999996,0.0058091236,1,riverside,2020,urban
0.09245333333333332,0.08392374999999999,0.039958125000000004,0.19437749999999998,0.35534593,1,riverside,2020,urban
0.12203187500000001,0.11816999999999998,0.08337069444444443,0.21630416666666666,0.27863508,1,riverside,2020,urban
0.18808000000000002,0.14870000000000003,0.1011525,0.28035625,0.19698785,1,riverside,2020,urban
0.2673716666666666,0.24354750000000003,0.20107375,0.2809695,0.024798127,1,riverside,2020,urban
0.1308975,0.10768649999999998,0.07953444444444445,0.25485,0.32133067,1,riverside,2020,urban
0.09425,0.078884375,0.06011791666666667,0.17428875000000002,0.29805288,1,riverside,2020,urban
0.14775714285714286,0.12737374999999998,0.0833875,0.2136,0.18220992,1,riverside,2020,urban
0.19799375000000002,0.17913333333333334,0.14026666666666668,0.21770300000000004,0.047412567,1,riverside,2020,urban
0.15462166666666669,0.12223812499999999,0.09195375,0.24341000000000002,0.22306852,1,riverside,2020,urban
0.17507250000000002,0.1553763888888889,0.1124,0.22589020833333331,0.12673923,1,riverside,2020,urban
0.236315,0.21596500000000002,0.15988425,0.2782295833333333,0.081459574,1,riverside,2020,urban
0.13899708333333333,0.127338,0.09201333333333334,0.19974916666666664,0.17934392,1,riverside,2020,urban
0.11225071428571429,0.09531791666666667,0.07608945833333333,0.1998316666666667,0.28063408,1,riverside,2020,urban
0.11818874999999998,0.09209125,0.06588374999999998,0.22895416666666668,0.31907728,1,riverside,2020,urban
0.24222749999999998,0.223115,0.1732391666666667,0.258445625,0.03239264,1,riverside,2020,urban
0.20071625,0.1710025,0.12844625,0.26129875,0.1311267,1,riverside,2020,urban
0.09990583333333333,0.09528125,0.056983571428571425,0.17295500000000003,0.26771584,1,riverside,2020,urban
0.11022749999999998,0.09933750000000002,0.06369750000000002,0.12472,0.061683994,1,riverside,2020,urban
0.13146437500000002,0.12221291666666667,0.084075,0.21400791666666663,0.23892955,1,riverside,2020,urban
0.10788999999999999,0.0953225,0.057616071428571426,0.15811875,0.18882367,1,riverside,2020,urban
0.11464400000000001,0.10206458333333335,0.07772593749999998,0.15558049999999998,0.1514907,1,riverside,2020,urban
0.48332,0.44197604166666665,0.37565750000000003,0.5153231249999999,0.03204661,1,riverside,2020,urban
0.14388062499999998,0.12016049999999998,0.08306093749999999,0.2800675,0.32123476,1,riverside,2020,urban
0.1471655,0.11884750000000001,0.0764142857142857,0.21305500000000002,0.18291435,1,riverside,2020,urban
0.20385124999999998,0.1925845,0.1491571875,0.2395202777777778,0.08044952,1,riverside,2020,urban
0.261841875,0.241024375,0.190589375,0.26862062500000006,0.0127789425,1,riverside,2020,urban
0.19100875,0.1810766666666667,0.14587666666666668,0.22519124999999998,0.082129985,1,riverside,2020,urban
0.2460713125,0.22935357142857143,0.17008812499999998,0.25849833333333333,0.02462895,1,riverside,2020,urban
0.07529027777777778,0.08973908333333333,0.0558496875,0.44730416666666667,0.71185964,1,riverside,2020,urban
0.10765625,0.09489625000000002,0.0717275,0.12660375000000001,0.080882356,1,riverside,2020,urban
0.1269255,0.11323216145833331,0.08457515625,0.18548950000000003,0.18745579,1,riverside,2020,urban
0.24790428571428572,0.22842642857142856,0.16786684523809522,0.29716166666666666,0.09036958,1,riverside,2020,urban
0.43630874999999997,0.4008475,0.3508525,0.45802000000000004,0.024276588,1,riverside,2020,urban
0.1203597222222222,0.0926825,0.07523964285714284,0.1798678125,0.19820997,1,riverside,2020,urban
0.10908625,0.09309500000000001,0.05949916666666666,0.32057499999999994,0.49222207,1,riverside,2020,urban
0.14942875,0.1312925,0.08730625,0.20277875,0.15147321,1,riverside,2020,urban
0.17078642857142853,0.14755416666666665,0.10865083333333332,0.21583208333333334,0.116511896,1,riverside,2020,urban
0.08185685763888889,0.075924,0.04882458333333332,0.13092675000000004,0.23060936,1,riverside,2020,urban
0.24529692307692305,0.22423333333333334,0.1743265625,0.25358141304347825,0.016606234,1,riverside,2020,urban
0.181060625,0.1421825,0.09371374999999998,0.2601941666666667,0.17933752,1,riverside,2020,urban
0.15953058035714285,0.14975416666666666,0.1187952777777778,0.22837500000000002,0.17747726,1,riverside,2020,urban
0.12435071428571429,0.10128999999999999,0.06980642857142857,0.22189583333333332,0.28172156,1,riverside,2020,urban
0.10403083333333334,0.096236875,0.061916874999999996,0.17897291666666668,0.26480952,1,riverside,2020,urban
0.11848666666666667,0.09412625,0.067025,0.213457,0.28610376,1,riverside,2020,urban
0.04619692307692307,0.04963766666666668,0.02825948275862069,0.20989666666666665,0.63921845,0,riverside,2020,vegetation
0.08929083333333333,0.08331416666666668,0.04481678571428571,0.1846975,0.34821433,0,riverside,2020,vegetation
0.048414374999999996,0.05232624999999999,0.030827142857142855,0.19983625,0.60995567,0,riverside,2020,vegetation
0.109705,0.0953775,0.060287499999999994,0.3176325,0.48656508,0,riverside,2020,vegetation
0.10122583333333332,0.07984458333333334,0.05209250000000001,0.2538370833333333,0.42981467,0,riverside,2020,vegetation
0.04539166666666667,0.05906374999999999,0.02884125,0.21389791666666666,0.64987665,0,riverside,2020,vegetation
0.039731249999999996,0.05231307291666666,0.02761444444444444,0.2921491666666667,0.76056886,0,riverside,2020,vegetation
0.0994083653846154,0.09181879629629629,0.05619407407407408,0.2055321875,0.3480148,0,riverside,2020,vegetation
0.14486649999999998,0.12304708333333333,0.07770187499999999,0.2432175,0.2534271,0,riverside,2020,vegetation
0.13652596153846153,0.103545,0.07634138888888889,0.26318839285714285,0.31688237,0,riverside,2020,vegetation
0.13654500000000003,0.09986,0.06481583333333335,0.27862375,0.3422193,0,riverside,2020,vegetation
0.1554925,0.13241541666666667,0.08390999999999998,0.2861175,0.29579267,0,riverside,2020,vegetation
0.056258749999999996,0.05717725,0.0376375,0.2310877083333333,0.6084257,0,riverside,2020,vegetation
0.09657178571428572,0.07567833333333333,0.050325624999999985,0.24708125,0.43796927,0,riverside,2020,vegetation
0.1633025,0.12513249999999998,0.08754,0.28618166666666667,0.2733782,0,riverside,2020,vegetation
0.0788005,0.07436291666666667,0.0479296875,0.23715375,0.5011904,0,riverside,2020,vegetation
0.05352249999999999,0.05656125000000001,0.033736249999999995,0.236535,0.6309525,0,riverside,2020,vegetation
0.047224999999999996,0.053756250000000005,0.030752499999999995,0.2185477083333333,0.64462113,0,riverside,2020,vegetation
0.07135942307692307,0.06471500000000001,0.04325125,0.23561100000000001,0.535073,0,riverside,2020,vegetation
0.03767944444444444,0.046185500000000004,0.02666678571428571,0.23080124999999999,0.71931356,0,riverside,2020,vegetation
0.09741249999999999,0.091665,0.0624325,0.254416875,0.44625148,0,riverside,2020,vegetation
0.04208038461538462,0.05408999999999999,0.03470499999999999,0.25293875,0.71472776,0,riverside,2020,vegetation
0.1747975,0.13584925,0.08671499999999999,0.30452875,0.27065334,0,riverside,2020,vegetation
0.10855000000000001,0.09702062499999999,0.07198874999999999,0.2588925,0.40915924,0,riverside,2020,vegetation
0.13341,0.121255,0.08117374999999999,0.28778125,0.36651105,0,riverside,2020,vegetation
0.054931875000000005,0.06269833333333334,0.031529375000000005,0.26992,0.66180354,0,riverside,2020,vegetation
0.10477150000000002,0.09668903846153845,0.06144525000000001,0.2956141666666667,0.4766471,0,riverside,2020,vegetation
0.055117499999999986,0.05678124999999999,0.03927750000000001,0.22215250000000003,0.60242724,0,riverside,2020,vegetation
0.041703,0.05174416666666666,0.03200833333333333,0.27218416666666667,0.7342803,0,riverside,2020,vegetation
0.057510000000000006,0.06175285714285713,0.033354,0.11135499999999998,0.31886417,0,riverside,2020,vegetation
0.15321458333333335,0.13171285714285713,0.08469604166666668,0.2528241666666667,0.24532038,0,riverside,2020,vegetation
0.0534125,0.05729000000000001,0.03359875,0.22101583333333333,0.61073625,0,riverside,2020,vegetation
0.03512729166666667,0.04424812499999999,0.0245375,0.2483325,0.7521533,0,riverside,2020,vegetation
0.07110875,0.07275875,0.04799107142857142,0.251570625,0.55926067,0,riverside,2020,vegetation
0.055942500000000006,0.061201875,0.03611500000000001,0.23885875,0.6204731,0,riverside,2020,vegetation
0.20840937499999998,0.1800115625,0.13098607142857144,0.2558239583333333,0.10213524,0,riverside,2020,vegetation
0.09599281249999998,0.07798833333333334,0.053183333333333326,0.2160145,0.3846759,0,riverside,2020,vegetation
0.09898916666666667,0.07697770833333334,0.0517625,0.22621791666666669,0.3912238,0,riverside,2020,vegetation
0.037881874999999995,0.04761916666666666,0.024166249999999993,0.22317,0.7097751,0,riverside,2020,vegetation
0.13510865384615384,0.09829249999999999,0.06849075,0.2915991666666667,0.36673927,0,riverside,2020,vegetation
0.04464,0.05307333333333333,0.02807812499999999,0.16784,0.57981926,0,riverside,2020,vegetation
0.037765,0.04954875,0.023046999999999995,0.2177635,0.7044165,0,riverside,2020,vegetation
0.09083365384615384,0.08301349999999999,0.05553392857142858,0.25023,0.46735072,0,riverside,2020,vegetation
0.079200625,0.063360625,0.03838455882352941,0.21228000000000002,0.45656335,0,riverside,2020,vegetation
0.037102937499999995,0.0495075,0.028810312499999997,0.2604370833333333,0.75060207,0,riverside,2020,vegetation
0.12594527777777775,0.11410041666666666,0.0745435,0.27792249999999996,0.3763044,0,riverside,2020,vegetation
0.04745599999999999,0.052461785714285725,0.0287346875,0.26144083333333334,0.69273883,0,riverside,2020,vegetation
0.159610625,0.12649375,0.08737500000000001,0.29319875,0.29502067,0,riverside,2020,vegetation
0.11362375,0.09783875000000002,0.06636958333333334,0.22386208333333335,0.32664582,0,riverside,2020,vegetation
0.11588027777777778,0.10679499999999999,0.06906229166666666,0.2673185,0.39519495,0,riverside,2020,vegetation
0.29979187500000004,0.257369,0.18687,0.348795,0.07555368,0,riverside,2020,vegetation
0.07764916666666666,0.066014375,0.04410833333333333,0.216508125,0.47205684,0,riverside,2020,vegetation
0.041431666666666665,0.052967,0.030510500000000003,0.273825,0.737156,0,riverside,2020,vegetation
0.052504999999999996,0.064075625,0.03572770833333333,0.314195,0.71363515,0,riverside,2020,vegetation
0.07911583333333334,0.06664916666666666,0.050112500000000004,0.21806875,0.46756434,0,riverside,2020,vegetation
0.11102499999999998,0.0892175,0.06522375,0.24322300000000002,0.37317923,0,riverside,2020,vegetation
0.04481451923076923,0.05274333333333333,0.03610052631578947,0.26850833333333335,0.7139403,0,riverside,2020,vegetation
0.08395888888888889,0.0842275,0.053256666666666654,0.3069625,0.5704564,0,riverside,2020,vegetation
0.12012750000000001,0.08840900000000002,0.05955875000000001,0.23749750000000003,0.32819295,0,riverside,2020,vegetation
0.118058125,0.098639,0.07482583333333333,0.247051,0.3532995,0,riverside,2020,vegetation
0.03625249999999999,0.04527249999999999,0.024739166666666656,0.21063000000000004,0.7063178,0,riverside,2020,vegetation
0.046629166666666666,0.06302374999999999,0.03297083333333333,0.36572083333333333,0.773837,0,riverside,2020,vegetation
0.03486375,0.04520375,0.02415708333333333,0.2146725,0.72057164,0,riverside,2020,vegetation
0.148940625,0.12345499999999998,0.0825845,0.25134375,0.25582594,0,riverside,2020,vegetation
0.15758479166666664,0.1355275,0.09080333333333333,0.26391125,0.25225967,0,riverside,2020,vegetation
0.08180625,0.072525,0.05049749999999999,0.20566625000000002,0.4308586,0,riverside,2020,vegetation
0.04481722222222222,0.05235203125,0.03326263888888888,0.258528125,0.70451355,0,riverside,2020,vegetation
0.03585833333333333,0.046336749999999996,0.02647166666666666,0.23951875,0.73956925,0,riverside,2020,vegetation
0.06430249999999998,0.06425850000000001,0.041502250000000004,0.2280375,0.56008416,0,riverside,2020,vegetation
0.06647041666666667,0.05809781250000001,0.03493249999999999,0.184835,0.47099894,0,riverside,2020,vegetation
0.056932499999999976,0.061806875,0.03522949999999999,0.1818375,0.5231185,0,riverside,2020,vegetation
0.08773999999999998,0.08800416666666666,0.05262691666666666,0.15441312499999998,0.27533457,0,riverside,2020,vegetation
0.0550075,0.057977499999999994,0.033244,0.2094915,0.5840627,0,riverside,2020,vegetation
0.09186972222222223,0.07246009999999999,0.04859838235294117,0.20802142857142858,0.3873129,0,riverside,2020,vegetation
0.1234641666666667,0.10472749999999999,0.07173666666666666,0.23328312499999998,0.30783403,0,riverside,2020,vegetation
0.04539166666666667,0.05906374999999999,0.02884125,0.21389791666666666,0.64987665,0,riverside,2020,vegetation
0.0391565,0.04568041666666667,0.024488,0.22886250000000002,0.707808,0,riverside,2020,vegetation
0.05126357142857143,0.06099333333333334,0.034465,0.296375,0.70507544,0,riverside,2020,vegetation
0.03610277777777778,0.044248125,0.024395657894736838,0.20790750000000002,0.70408803,0,riverside,2020,vegetation
0.03813625,0.04959916666666667,0.02593999999999999,0.25115125,0.7363436,0,riverside,2020,vegetation
0.17476999999999998,0.14930892857142858,0.10428199999999999,0.2380979166666667,0.15338542,0,riverside,2020,vegetation
0.14595,0.1228225,0.08678374999999999,0.2567475,0.2751383,0,riverside,2020,vegetation
0.03775125,0.048288333333333336,0.02931562499999999,0.23333125000000002,0.7214778,0,riverside,2020,vegetation
0.08081166666666667,0.07504125,0.054725625,0.242096875,0.49947643,0,riverside,2020,vegetation
0.066871,0.06741000000000003,0.043419,0.27234,0.60572624,0,riverside,2020,vegetation
0.07476166666666667,0.07951000000000001,0.04833875000000001,0.31139916666666667,0.6127952,0,riverside,2020,vegetation
0.0368575,0.04455062499999999,0.024537500000000004,0.2385425,0.7323348,0,riverside,2020,vegetation
0.19463875000000003,0.16339874999999998,0.1178415625,0.2746133333333333,0.1704299,0,riverside,2020,vegetation
0.06124999999999997,0.06683250000000002,0.04183499999999999,0.24369875000000002,0.5982932,0,riverside,2020,vegetation
0.114215,0.10526100000000001,0.066706,0.2990161458333333,0.4472101,0,riverside,2020,vegetation
0.035906,0.04558678571428571,0.025348750000000003,0.20225625,0.69847447,0,riverside,2020,vegetation
0.09611999999999998,0.0840135294117647,0.06049375,0.23707125,0.42303407,0,riverside,2020,vegetation
0.16317187500000002,0.14142166666666667,0.10024041666666667,0.233709375,0.17772949,0,riverside,2020,vegetation
0.1403015,0.10912749999999999,0.07919833333333332,0.24940500000000002,0.27996325,0,riverside,2020,vegetation
0.036885,0.04517166666666667,0.02378583333333333,0.1949825,0.6818442,0,riverside,2020,vegetation
0.11569083333333335,0.09924583333333332,0.0661057142857143,0.27641550000000004,0.40990072,0,riverside,2020,vegetation
0.27236750000000004,0.2334982142857143,0.164890625,0.33653285714285713,0.105379075,0,riverside,2020,vegetation
0.04403958333333333,0.0532365,0.031041249999999992,0.24693,0.69729084,0,riverside,2020,vegetation
0.034471875,0.045956944444444446,0.02641849999999999,0.25551,0.7622481,0,riverside,2020,vegetation
0.10987000000000002,0.08761333333333332,0.06342249999999999,0.24743875,0.38501367,0,riverside,2020,vegetation
0.0816,0.08644000000000002,0.05137750000000002,0.37373249999999997,0.6415806,0,riverside,2020,farmland
0.04640000000000001,0.07392749999999998,0.03584,0.450705,0.81331915,0,riverside,2020,farmland
0.1200725,0.09304000000000001,0.06211625000000001,0.23063625000000001,0.31525803,0,riverside,2020,farmland
0.10974624999999999,0.10172999999999999,0.05922875,0.35081124999999996,0.52342,0,riverside,2020,farmland
0.14992375,0.11746916666666667,0.07589375000000001,0.26123,0.27071685,0,riverside,2020,farmland
0.11292250000000001,0.09529500000000002,0.05170750000000002,0.24176,0.36324742,0,riverside,2020,farmland
0.033351250000000006,0.037105,0.016507499999999994,0.04956249999999998,0.19551945,0,riverside,2020,farmland
0.1907108333333333,0.12362000000000001,0.07717249999999998,0.384189375,0.33654281,0,riverside,2020,farmland
0.1398175,0.11187749999999999,0.07644375,0.2569125,0.29515034,0,riverside,2020,farmland
0.040906874999999995,0.07520625,0.0397175,0.02713854166666666,-0.20234035,0,riverside,2020,farmland
0.12502249999999998,0.10511937499999999,0.06428875,0.308495625,0.42321905,0,riverside,2020,farmland
0.0772275,0.08072000000000001,0.039167499999999994,0.3742275,0.65787286,0,riverside,2020,farmland
0.040212499999999984,0.0569325,0.028607500000000008,0.26376,0.73542017,0,riverside,2020,farmland
0.16752375,0.11896333333333335,0.07684249999999998,0.322754375,0.3166175,0,riverside,2020,farmland
0.05399000000000001,0.06752,0.03584,0.38993,0.756758,0,riverside,2020,farmland
0.13738375,0.11993500000000001,0.08942833333333333,0.21377875,0.21754886,0,riverside,2020,farmland
0.14692624999999998,0.12729583333333333,0.084735,0.24045375,0.24143606,0,riverside,2020,farmland
0.15479583333333333,0.11891750000000001,0.08272750000000001,0.26510750000000005,0.2627073,0,riverside,2020,farmland
0.1206225,0.10116624999999999,0.07235999999999998,0.3445,0.4813302,0,riverside,2020,farmland
0.11299583333333334,0.103655,0.07169999999999999,0.3290175,0.48872206,0,riverside,2020,farmland
0.09251749999999999,0.091775,0.05775750000000002,0.32031145833333335,0.55178773,0,riverside,2020,farmland
0.04834333333333334,0.06907100000000001,0.03686666666666666,0.43289875,0.7990893,0,riverside,2020,farmland
0.06716249999999999,0.07516499999999998,0.04222000000000001,0.3863733333333334,0.70382714,0,riverside,2020,farmland
0.15303583333333334,0.126865,0.097715,0.251715,0.24380226,0,riverside,2020,farmland
0.18022416666666666,0.15217875,0.10368250000000001,0.289555,0.23272814,0,riverside,2020,farmland
0.21104250000000002,0.18066875,0.12353750000000001,0.26649350000000005,0.116119,0,riverside,2020,farmland
0.03833333333333333,0.0594075,0.02836825,0.435710625,0.83827096,0,riverside,2020,farmland
0.126975,0.11860125000000002,0.07429875,0.2048275,0.23463506,0,riverside,2020,farmland
0.23943625000000002,0.200544375,0.1430075,0.32465875,0.15107827,0,riverside,2020,farmland
0.06488,0.07906999999999997,0.043595,0.37520375,0.705147,0,riverside,2020,farmland
0.1892716666666667,0.158919,0.10827500000000001,0.2991020833333333,0.22489008,0,riverside,2020,farmland
0.13023833333333332,0.10441125000000001,0.07192000000000001,0.28939000000000004,0.37926817,0,riverside,2020,farmland
0.10482375,0.08664625000000001,0.05993000000000001,0.2158275,0.3461822,0,riverside,2020,farmland
0.0540505,0.05608,0.024688749999999995,0.04045083333333333,-0.14390978,0,riverside,2020,farmland
0.1730054166666667,0.14177,0.09466937499999999,0.30266562500000005,0.27258378,0,riverside,2020,farmland
0.20750875,0.183185,0.13683375,0.2340325,0.06007083,0,riverside,2020,farmland
0.18833666666666668,0.15122999999999998,0.10577249999999999,0.2863375,0.20645916,0,riverside,2020,farmland
0.06878500000000001,0.09240749999999998,0.05500749999999999,0.07583416666666666,0.04874296,0,riverside,2020,farmland
0.05716625,0.075708125,0.03687812499999999,0.45520125,0.7768545,0,riverside,2020,farmland
0.164491875,0.11550749999999999,0.07775916666666666,0.289479375,0.2753203,0,riverside,2020,farmland
0.064611875,0.07708083333333332,0.03923625,0.40739250000000005,0.7262234,0,riverside,2020,farmland
0.06145624999999999,0.0751925,0.036479374999999994,0.37711500000000003,0.7197434,0,riverside,2020,farmland
0.05482875000000001,0.071645,0.03447875,0.426615,0.77223194,0,riverside,2020,farmland
0.14219166666666666,0.11484749999999999,0.08174666666666668,0.25751749999999995,0.28852436,0,riverside,2020,farmland
0.05958625000000001,0.06786833333333335,0.0347125,0.434693125,0.75889647,0,riverside,2020,farmland
0.11505374999999998,0.08756749999999999,0.0652925,0.3079305,0.45599037,0,riverside,2020,farmland
0.1400375,0.12066374999999999,0.07462187499999999,0.330805,0.40516204,0,riverside,2020,farmland
0.16464541666666668,0.142698125,0.10019,0.245225,0.19659771,0,riverside,2020,farmland
0.10719333333333333,0.08595875,0.0567125,0.218996875,0.34275568,0,riverside,2020,farmland
0.05198249999999999,0.06531999999999999,0.03490499999999999,0.2776475,0.6846009,0,riverside,2020,farmland
0.031357499999999996,0.07097583333333334,0.039222499999999993,0.022488750000000002,-0.16470507,0,riverside,2020,farmland
0.10349000000000003,0.08263583333333334,0.050369166666666666,0.28395187499999996,0.46577793,0,riverside,2020,farmland
0.10818333333333334,0.08950624999999998,0.0534675,0.233049375,0.36592636,0,riverside,2020,farmland
0.07527499999999998,0.082143125,0.049665625000000005,0.3680125,0.6603784,0,riverside,2020,farmland
0.1138025,0.12387666666666665,0.0770075,0.12221749999999998,0.03565376,0,riverside,2020,farmland
0.09150000000000003,0.08535374999999998,0.04749999999999999,0.33251000000000003,0.5684064,0,riverside,2020,farmland
0.0871275,0.08667375,0.048380000000000006,0.367567,0.61676466,0,riverside,2020,farmland
0.1549425,0.12063166666666665,0.07981250000000001,0.2740633333333334,0.27766716,0,riverside,2020,farmland
0.15831125,0.13759,0.09975,0.223665,0.17109375,0,riverside,2020,farmland
0.11000749999999998,0.09403,0.06251499999999999,0.31379625,0.48085642,0,riverside,2020,farmland
0.1272775,0.10391624999999999,0.06619999999999998,0.32189958333333335,0.43328586,0,riverside,2020,farmland
0.19408874999999998,0.138305,0.09174749999999998,0.34605375000000005,0.28134242,0,riverside,2020,farmland
0.13623562499999997,0.11277812499999999,0.0781659375,0.2428435,0.28122854,0,riverside,2020,farmland
0.13256208333333336,0.11054375,0.07869874999999998,0.253035,0.31243214,0,riverside,2020,farmland
0.09611999999999998,0.08198499999999997,0.053061874999999994,0.282515,0.4922815,0,riverside,2020,farmland
0.051221666666666665,0.07314374999999998,0.036176875,0.40861625,0.7772186,0,riverside,2020,farmland
0.12671374999999999,0.09683499999999999,0.0683725,0.2564175,0.33853608,0,riverside,2020,farmland
0.14797583333333333,0.11399500000000001,0.07317125,0.2921125,0.32751757,0,riverside,2020,farmland
0.2301825,0.193408125,0.14166916666666668,0.3119125,0.15076694,0,riverside,2020,farmland
0.05489062500000001,0.06916312499999999,0.0376,0.37985125000000003,0.74747944,0,riverside,2020,farmland
0.0454925,0.07196125,0.03296166666666667,0.4184658333333333,0.80389404,0,riverside,2020,farmland
0.05421000000000001,0.07292374999999998,0.035862,0.40064125,0.7616364,0,riverside,2020,farmland
0.0464,0.06822583333333332,0.03590875,0.39386250000000006,0.78921664,0,riverside,2020,farmland
0.11191874999999998,0.11102500000000001,0.058087500000000014,0.44629125000000003,0.59900844,0,riverside,2020,farmland
0.06233625000000001,0.0749725,0.040569999999999995,0.381735,0.71925116,0,riverside,2020,farmland
0.1355825,0.10971874999999998,0.07353333333333334,0.254430625,0.30472854,0,riverside,2020,farmland
0.15182125000000002,0.1283885,0.09463500000000002,0.25505625,0.25372502,0,riverside,2020,farmland
0.055365,0.06800124999999999,0.03539999999999999,0.397465,0.75547117,0,riverside,2020,farmland
0.06644749999999999,0.07158999999999999,0.03982749999999999,0.37103749999999996,0.6962296,0,riverside,2020,farmland
0.05016749999999999,0.06962374999999998,0.0339425,0.42380541666666666,0.7883107,0,riverside,2020,farmland
0.095493,0.090021875,0.05701499999999998,0.091335,-0.022255765,0,riverside,2020,farmland
0.14119937500000002,0.11668999999999999,0.0800325,0.24576125,0.27021322,0,riverside,2020,farmland
0.12764416666666664,0.10917149999999998,0.07346916666666668,0.23217625,0.29051182,0,riverside,2020,farmland
0.138965,0.12333125,0.0833875,0.33737750000000005,0.41653326,0,riverside,2020,farmland
0.124885,0.102630625,0.07495874999999999,0.273165,0.372516,0,riverside,2020,farmland
0.13978312499999998,0.10871500000000002,0.07528874999999999,0.29603124999999997,0.3585199,0,riverside,2020,farmland
0.04586741666666667,0.059571125,0.03026830357142857,0.451646875,0.8156137,0,riverside,2020,farmland
0.10311875000000001,0.096346875,0.058115,0.174165,0.2562222,0,riverside,2020,farmland
0.08077499999999999,0.08467999999999998,0.04811875,0.3563341666666667,0.6304127,0,riverside,2020,farmland
0.1516975,0.11301187500000001,0.07688375,0.27222999999999997,0.2843234,0,riverside,2020,farmland
0.09496500000000002,0.08825499999999997,0.05003000000000002,0.1351425,0.17460318,0,riverside,2020,farmland
0.08741625,0.08628187500000001,0.04219250000000001,0.35700333333333334,0.6066049,0,riverside,2020,farmland
0.06231791666666667,0.07791500000000001,0.040336250000000004,0.39455,0.727195,0,riverside,2020,farmland
0.08619249999999999,0.06750625,0.035619999999999985,0.25189375,0.4901153,0,riverside,2020,farmland
0.062350000000000017,0.07330875,0.040185,0.375685,0.7153196,0,riverside,2020,farmland
0.15740375,0.139295,0.090785,0.34453666666666666,0.37281898,0,riverside,2020,farmland
0.08367625000000001,0.09137166666666664,0.049709166666666665,0.38753750000000003,0.644848,0,riverside,2020,farmland
0.1932919375,0.1392785,0.0951575,0.328006875,0.25842172,0,riverside,2020,farmland
0.1572745,0.1197425,0.08146250000000002,0.31361291666666674,0.33200806,0,riverside,2020,farmland
0.17833812500000001,0.131821875,0.09118833333333333,0.29016,0.23868158,0,riverside,2020,farmland
0.18020124999999998,0.12922083333333334,0.08521625,0.296265,0.2435928,0,riverside,2020,bare_soil
0.14615625000000002,0.11279875,0.07370750000000001,0.27444375000000004,0.3050107,0,riverside,2020,bare_soil
0.1104475,0.0867425,0.0599575,0.18421625,0.25034893,0,riverside,2020,bare_soil
0.11336249999999998,0.0838275,0.05555749999999998,0.18843749999999998,0.24875745,0,riverside,2020,bare_soil
0.24288749999999998,0.1874475,0.12164000000000003,0.3189525,0.13538551,0,riverside,2020,bare_soil
0.07637500000000003,0.06182749999999998,0.03769625,0.169545,0.37886304,0,riverside,2020,bare_soil
0.08551416666666668,0.0715625,0.048833749999999995,0.180978125,0.3582241,0,riverside,2020,bare_soil
0.07729624999999998,0.05920125000000001,0.03808125,0.15578125,0.3367335,0,riverside,2020,bare_soil
0.13807583333333331,0.1013175,0.06950916666666666,0.229873125,0.24948376,0,riverside,2020,bare_soil
0.10446074999999999,0.08502374999999998,0.06305583333333335,0.171437,0.24275751,0,riverside,2020,bare_soil
0.1486621875,0.11539750000000001,0.083768375,0.24220687500000004,0.23932487,0,riverside,2020,bare_soil
0.12792375,0.08968499999999999,0.05943499999999999,0.22227625,0.26942462,0,riverside,2020,bare_soil
0.12044374999999999,0.09213800000000001,0.06863833333333332,0.220255,0.29296044,0,riverside,2020,bare_soil
0.12700250000000002,0.09500624999999999,0.06636500000000001,0.229776875,0.2880614,0,riverside,2020,bare_soil
0.11284,0.08748500000000001,0.06163500000000002,0.18728937499999998,0.2480576,0,riverside,2020,bare_soil
0.1491015,0.11247791666666666,0.07612234375000002,0.2686045833333333,0.2860937,0,riverside,2020,bare_soil
0.12037041666666667,0.08830083333333333,0.0634225,0.20980041666666666,0.27085978,0,riverside,2020,bare_soil
0.1124,0.0865225,0.06155250000000001,0.21296749999999998,0.30908895,0,riverside,2020,bare_soil
0.11642875,0.09060625,0.06067250000000002,0.219656875,0.30714828,0,riverside,2020,bare_soil
0.17827625,0.13903833333333332,0.09545083333333332,0.26982375000000003,0.20430149,0,riverside,2020,bare_soil
0.16677208333333335,0.12582,0.08283750000000001,0.29421625,0.27645856,0,riverside,2020,bare_soil
0.18154875,0.13600875,0.09217833333333332,0.2836425,0.2194662,0,riverside,2020,bare_soil
0.1525603125,0.11201041666666667,0.08101464285714285,0.25453833333333337,0.25049955,0,riverside,2020,bare_soil
0.16184500000000002,0.12423875,0.08344249999999998,0.2543928125,0.2223436,0,riverside,2020,bare_soil
0.18333625,0.14288375,0.09673416666666665,0.29932142857142857,0.24030526,0,riverside,2020,bare_soil
0.165915,0.12797874999999997,0.08202625,0.252375,0.2066987,0,riverside,2020,bare_soil
0.11902750000000001,0.08822750000000001,0.058362499999999984,0.20174750000000002,0.25787547,0,riverside,2020,bare_soil
0.10574499999999998,0.07640249999999998,0.05052499999999999,0.19982250000000001,0.30787796,0,riverside,2020,bare_soil
0.14199,0.1050025,0.070875,0.223225,0.22243062,0,riverside,2020,bare_soil
0.0884475,0.07499999999999998,0.04835249999999999,0.1901425,0.36503464,0,riverside,2020,bare_soil
0.20326,0.16533750000000003,0.10918250000000002,0.2423925,0.08780945,0,riverside,2020,bare_soil
0.12875333333333333,0.10217687500000001,0.07071000000000001,0.204421875,0.22711337,0,riverside,2020,bare_soil
0.1710575,0.12959437499999998,0.08826875,0.264134,0.21387482,0,riverside,2020,bare_soil
0.0963675,0.07187416666666667,0.049635833333333344,0.1700125,0.27646595,0,riverside,2020,bare_soil
0.11600250000000001,0.0870725,0.05690499999999998,0.21744999999999998,0.30423373,0,riverside,2020,bare_soil
0.12382625,0.09079874999999998,0.06253906249999999,0.212451875,0.26354858,0,riverside,2020,bare_soil
0.1022525,0.08067875,0.05320624999999998,0.18553625,0.28939196,0,riverside,2020,bare_soil
0.17885375,0.14192125,0.10021291666666665,0.28043875,0.22117713,0,riverside,2020,bare_soil
0.09657375000000001,0.07339125000000002,0.0473625,0.17368375,0.2853205,0,riverside,2020,bare_soil
0.09755,0.078828,0.05117125,0.189310625,0.3198788,0,riverside,2020,bare_soil
0.181095,0.12587500000000001,0.08510166666666666,0.3662020833333334,0.33822048,0,riverside,2020,bare_soil
0.10460375,0.07989500000000002,0.05634124999999998,0.19169625,0.2939335,0,riverside,2020,bare_soil
0.0981825,0.0742025,0.048490000000000005,0.16498000000000002,0.25382605,0,riverside,2020,bare_soil
0.11191875000000001,0.090785,0.056794999999999984,0.215635,0.3166389,0,riverside,2020,bare_soil
0.20979125,0.1560975,0.09574875,0.29176875,0.16344506,0,riverside,2020,bare_soil
0.1621475,0.12449713541666665,0.08292916666666668,0.2424475,0.19847007,0,riverside,2020,bare_soil
0.10134500000000002,0.0804725,0.055804999999999993,0.18538500000000002,0.29309803,0,riverside,2020,bare_soil
0.10565104166666667,0.08923125000000001,0.056966875000000014,0.20471750000000002,0.31918976,0,riverside,2020,bare_soil
0.09788000000000002,0.07335000000000003,0.049205,0.15904000000000001,0.23805076,0,riverside,2020,bare_soil
0.13864875,0.10298125,0.067685,0.22128625,0.22959006,0,riverside,2020,bare_soil
0.14084875,0.10677166666666667,0.06998125,0.2337391666666667,0.24798028,0,riverside,2020,bare_soil
0.10031375000000001,0.08237916666666667,0.05240187499999999,0.17421083333333334,0.26918203,0,riverside,2020,bare_soil
0.136545,0.10155125000000001,0.068255625,0.25061500000000003,0.2946327,0,riverside,2020,bare_soil
0.10415000000000002,0.079015,0.0477475,0.18005,0.26706544,0,riverside,2020,bare_soil
0.10372375,0.08802888888888888,0.06441673076923078,0.1925075,0.29971096,0,riverside,2020,bare_soil
0.10749812499999999,0.07854749999999999,0.05420312499999999,0.20565524999999998,0.31344745,0,riverside,2020,bare_soil
0.157775,0.11528749999999999,0.07348749999999998,0.2892525,0.294115,0,riverside,2020,bare_soil
0.1199075,0.09411249999999999,0.06444,0.20397500000000002,0.25956172,0,riverside,2020,bare_soil
0.16838999999999998,0.1421825,0.08434999999999998,0.262165,0.21780027,0,riverside,2020,bare_soil
0.1415225,0.108825,0.07332250000000001,0.24176000000000003,0.2615238,0,riverside,2020,bare_soil
0.06597999999999998,0.055007500000000015,0.03495999999999999,0.1829925,0.4699816,0,riverside,2020,bare_soil
0.15347125,0.1099525,0.072435625,0.2370575,0.21403354,0,riverside,2020,bare_soil
0.08700375000000002,0.07208500000000001,0.047348749999999995,0.21995250000000002,0.43311954,0,riverside,2020,bare_soil
0.09479312499999999,0.07135166666666669,0.04974583333333333,0.179589375,0.30904394,0,riverside,2020,bare_soil
0.11978499999999999,0.09575883333333333,0.06841571428571427,0.197244375,0.2443287,0,riverside,2020,bare_soil
0.14237499999999997,0.10038249999999999,0.06361499999999998,0.211895,0.19623451,0,riverside,2020,bare_soil
0.1605525,0.12747000000000003,0.07434000000000002,0.30324999999999996,0.3076687,0,riverside,2020,bare_soil
0.10783500000000001,0.08418500000000001,0.0566025,0.1922875,0.28139344,0,riverside,2020,bare_soil
0.08866749999999998,0.0690325,0.0462625,0.17148375000000002,0.31833884,0,riverside,2020,bare_soil
0.14749,0.11214333333333333,0.07442937499999999,0.2611003571428571,0.27805442,0,riverside,2020,bare_soil
0.11179499999999998,0.09041375000000001,0.059434999999999995,0.2170283333333333,0.32003,0,riverside,2020,bare_soil
0.1231525,0.08940999999999999,0.060535000000000005,0.20312249999999998,0.24509999,0,riverside,2020,bare_soil
0.10635,0.08008749999999998,0.05019499999999999,0.19146249999999998,0.28579223,0,riverside,2020,bare_soil
0.11251,0.08297500000000002,0.059077500000000005,0.22223500000000002,0.32778683,0,riverside,2020,bare_soil
0.11715750000000003,0.08968500000000001,0.05921500000000002,0.21261000000000002,0.28945392,0,riverside,2020,bare_soil
0.08038388888888888,0.06393499999999999,0.0476271875,0.15807749999999998,0.32581213,0,riverside,2020,bare_soil
0.12556333333333333,0.095466875,0.061958125,0.23248104166666667,0.2986158,0,riverside,2020,bare_soil
0.13163625,0.09632625,0.06510916666666665,0.229625625,0.27124196,0,riverside,2020,bare_soil
0.16216125,0.11436625,0.07429875,0.25021625000000003,0.21353008,0,riverside,2020,bare_soil
0.10537375000000002,0.07821291666666666,0.053701250000000006,0.21471374999999998,0.3415941,0,riverside,2020,bare_soil
0.18682875,0.14020708333333332,0.09503375,0.28970625,0.21588656,0,riverside,2020,bare_soil
0.11495749999999999,0.08698999999999998,0.058651250000000016,0.2055975,0.28275958,0,riverside,2020,bare_soil
0.07772249999999997,0.06152500000000001,0.03879624999999999,0.14073875000000002,0.28845504,0,riverside,2020,bare_soil
0.10133124999999998,0.075715,0.05227124999999999,0.19810375,0.32318366,0,riverside,2020,bare_soil
0.08531937499999999,0.06461875,0.0456355,0.160999375,0.30724418,0,riverside,2020,bare_soil
0.12914750000000003,0.09408499999999997,0.06270749999999997,0.206285,0.2299643,0,riverside,2020,bare_soil
0.103208125,0.08161374999999998,0.063113125,0.18421625,0.28184152,0,riverside,2020,bare_soil
0.11169874999999999,0.08443250000000002,0.0595175,0.2125825,0.31109956,0,riverside,2020,bare_soil
0.09664937500000001,0.07473874999999999,0.04970000000000001,0.1944875,0.33605543,0,riverside,2020,bare_soil
0.1606441666666667,0.12471541666666668,0.08528958333333332,0.23505687499999997,0.18805285,0,riverside,2020,bare_soil
0.10182624999999998,0.078828,0.057578749999999984,0.17326437500000003,0.25968942,0,riverside,2020,bare_soil
0.14460250000000002,0.10760125000000001,0.07205750000000001,0.2575725,0.28089762,0,riverside,2020,bare_soil
0.12228625000000001,0.09210499999999999,0.05931124999999998,0.20088125,0.24320206,0,riverside,2020,bare_soil
0.21061166666666667,0.17233166666666666,0.11934375,0.2934141666666667,0.16428225,0,riverside,2020,bare_soil
0.10892125,0.08223249999999999,0.055110624999999996,0.206175,0.30864775,0,riverside,2020,bare_soil
0.14313583333333332,0.10841250000000002,0.06558125000000001,0.24430833333333335,0.26112795,0,riverside,2020,bare_soil
0.22503083333333337,0.17918375,0.11607125000000001,0.31506125,0.16669457,0,riverside,2020,bare_soil
0.12542125,0.09997,0.06334000000000001,0.24463375,0.32214805,0,riverside,2020,bare_soil
0.12556333333333333,0.09833375,0.06650249999999999,0.214651875,0.2618594,0,riverside,2020,bare_soil
0.14412125,0.10082250000000001,0.06577374999999999,0.23659,0.2428842,0,riverside,2020,bare_soil
0.0174975,0.025857500000000005,0.01582,0.010512500000000008,-0.24937522,0,riverside,2020,water
0.03058749999999999,0.054237499999999994,0.0173875,0.014197500000000002,-0.36597076,0,riverside,2020,water
0.15578125,0.14560625000000002,0.09415374999999998,0.27936625,0.28400716,0,riverside,2020,water
0.025981249999999997,0.04960375,0.010883749999999998,0.01097999999999999,-0.40586424,0,riverside,2020,water
0.03237499999999999,0.05269750000000001,0.02302499999999999,0.030175000000000007,-0.035171863,0,riverside,2020,water
0.12912,0.11878,0.07703500000000002,0.204415,0.22574842,0,riverside,2020,water
0.10152145833333334,0.08148083333333334,0.05430166666666666,0.1972684375,0.32044917,0,riverside,2020,water
0.10210125,0.08897,0.05052499999999999,0.20601,0.33724427,0,riverside,2020,water
0.027315000000000006,0.048888749999999995,0.01621874999999999,0.013386250000000002,-0.34221923,0,riverside,2020,water
0.09097749999999999,0.07337749999999998,0.0386175,0.14473999999999998,0.22808023,0,riverside,2020,water
0.00676562499999999,0.016961249999999997,0.00844999999999999,0.004826874999999994,-0.16724175,0,riverside,2020,water
0.025087499999999985,0.04997499999999999,0.013839999999999991,0.011612499999999998,-0.36716622,0,riverside,2020,water
0.005906250000000002,0.015599999999999989,0.008944999999999995,0.004242499999999996,-0.16393645,0,riverside,2020,water
0.003720000000000001,0.0143625,0.006451666666666671,6.399999999999925E-4,-0.70642203,0,riverside,2020,water
0.02901999999999999,0.055365,0.014321249999999994,0.013289999999999996,-0.3717797,0,riverside,2020,water
0.005576249999999991,0.014816250000000003,0.007734999999999992,0.004036249999999991,-0.16020806,0,riverside,2020,water
0.004545000000000007,0.015682499999999988,0.007116249999999991,0.0028124999999999956,-0.235474,0,riverside,2020,water
0.002867499999999995,0.012657499999999988,0.004407500000000009,0.0023175,-0.10607522,0,riverside,2020,water
0.155575,0.11725374999999999,0.07949625000000002,0.245225,0.22367765,0,riverside,2020,water
0.0024252083333333252,0.020275,0.014940000000000009,1.5049999999999786E-4,-0.88313895,0,riverside,2020,water
0.0027850000000000097,0.012162499999999993,0.0042149999999999965,0.0019325000000000037,-0.18071012,0,riverside,2020,water
0.026077500000000003,0.05053875000000002,0.013523750000000001,0.012740000000000001,-0.34359503,0,riverside,2020,water
0.005576249999999991,0.015572499999999989,0.008821250000000003,0.00414624999999999,-0.14708151,0,riverside,2020,water
0.030285000000000006,0.055035,0.017607499999999998,0.014802499999999996,-0.34338784,0,riverside,2020,water
0.006030000000000008,0.016204999999999997,0.009302499999999991,0.0039949999999999986,-0.20299251,0,riverside,2020,water
0.008477499999999999,0.017841250000000003,0.008944999999999995,0.005287499999999987,-0.23174718,0,riverside,2020,water
0.025252499999999983,0.04554749999999999,0.00935749999999999,0.01337250000000001,-0.3075728,0,riverside,2020,water
0.00341749999999999,0.011694999999999997,0.006346249999999998,0.002138749999999995,-0.23014623,0,riverside,2020,water
0.007803749999999998,0.018391249999999998,0.012506249999999997,0.0062637499999999985,-0.109472185,0,riverside,2020,water
0.10717500000000002,0.0832775,0.05308249999999998,0.17765750000000002,0.24745245,0,riverside,2020,water
0.027727500000000002,0.05090999999999998,0.017758750000000004,0.012822499999999987,-0.3675709,0,riverside,2020,water
0.0028124999999999956,0.012190000000000006,0.005754999999999996,0.0017812499999999981,-0.2244898,0,riverside,2020,water
0.002894999999999995,0.013028749999999992,0.005699999999999997,0.001478750000000001,-0.3238068,0,riverside,2020,water
0.16278392857142857,0.13715,0.09695875000000001,0.22141,0.152595,0,riverside,2020,water
0.006566249999999996,0.016961249999999997,0.008926666666666666,0.0020425000000000026,-0.5254828,0,riverside,2020,water
0.003809374999999997,0.014472499999999985,0.006758749999999994,0.0011212499999999903,-0.5451895,0,riverside,2020,water
0.1102825,0.08703125,0.05378374999999999,0.2120875,0.3158017,0,riverside,2020,water
0.02544500000000001,0.05132249999999999,0.014376249999999993,0.011337499999999986,-0.38353837,0,riverside,2020,water
0.02591249999999999,0.05137749999999999,0.0129325,0.011103749999999996,-0.40006077,0,riverside,2020,water
0.00455875,0.014046249999999996,0.00568624999999999,0.0031699999999999923,-0.17968623,0,riverside,2020,water
0.010938749999999983,0.019972500000000004,0.012492500000000004,0.010003749999999992,-0.044646055,0,riverside,2020,water
0.0039124999999999854,0.01371625,0.0069099999999999995,0.002840000000000009,-0.15883006,0,riverside,2020,water
0.025334999999999996,0.05069000000000001,0.012327499999999991,0.010897500000000004,-0.39846823,0,riverside,2020,water
0.02693000000000001,0.05081374999999999,0.01506375,0.011832499999999996,-0.38948727,0,riverside,2020,water
0.003231875000000002,0.015263124999999995,8.324999999999952E-4,0.0022035714285714237,-0.18918476,0,riverside,2020,water
0.024413749999999998,0.04996125,0.010457500000000008,0.01066375,-0.39198917,0,riverside,2020,water
0.0031768750000000026,0.013115833333333327,0.006305,2.549999999999973E-4,-0.85139316,0,riverside,2020,water
0.0061400000000000066,0.015572499999999989,0.007624999999999993,0.0035824999999999885,-0.26304963,0,riverside,2020,water
0.005369999999999986,0.015022499999999994,0.0025099999999999845,0.006717499999999987,0.1114788,0,riverside,2020,water
0.0035219999999999974,0.014080624999999992,0.0059749999999999985,2.171874999999969E-4,-0.88383174,0,riverside,2020,water
0.0033350000000000046,0.012327499999999991,0.004682500000000006,0.002647499999999997,-0.114918515,0,riverside,2020,water
0.028469999999999995,0.04985125,0.014994999999999994,0.013399999999999995,-0.35992357,0,riverside,2020,water
0.004141666666666655,0.01565499999999999,0.0062637499999999985,0.005475416666666659,0.1386855,0,riverside,2020,water
0.026861250000000003,0.05205124999999999,0.016067499999999985,0.011846250000000003,-0.38790932,0,riverside,2020,water
0.10701000000000002,0.08245249999999998,0.056052500000000005,0.18671875000000002,0.27136856,0,riverside,2020,water
0.005768749999999989,0.015572499999999989,0.007679999999999992,0.003747500000000001,-0.21239984,0,riverside,2020,water
0.013564999999999994,0.020811250000000003,0.005851250000000002,0.008065000000000003,-0.25427645,0,riverside,2020,water
0.04662000000000001,0.05806,0.038122500000000004,0.05397625,0.07312648,0,riverside,2020,water
0.0064837499999999965,0.017971875,0.008697499999999992,0.0011294999999999888,-0.70328045,0,riverside,2020,water
0.009870833333333329,0.021815,0.012808749999999994,0.004723749999999992,-0.3526708,0,riverside,2020,water
0.005369999999999986,0.015765,0.00883500000000001,0.0038024999999999864,-0.17089126,0,riverside,2020,water
0.07528874999999999,0.05828,0.038273749999999995,0.16275250000000002,0.36743107,0,riverside,2020,water
0.006813749999999993,0.0175525,0.010017499999999999,0.005218749999999994,-0.13255766,0,riverside,2020,water
0.032223749999999995,0.05731749999999999,0.023327499999999987,0.016906249999999998,-0.31177488,0,riverside,2020,water
0.003610000000000002,0.02379500000000001,0.016500624999999998,7.624999999999993E-5,-0.95863,0,riverside,2020,water
0.0033899999999999902,0.012355000000000005,0.005617499999999984,0.0021937499999999943,-0.21423775,0,riverside,2020,water
0.027727500000000002,0.05201,0.017415,0.012052499999999994,-0.39404222,0,riverside,2020,water
0.006566249999999996,0.016094999999999998,0.010292499999999996,0.005823749999999989,-0.05992736,0,riverside,2020,water
0.005644999999999997,0.026709999999999998,0.017469999999999986,0.00492999999999999,-0.06761229,0,riverside,2020,water
0.0061537499999999995,0.015943749999999993,0.008931250000000002,0.004517499999999994,-0.15333255,0,riverside,2020,water
0.006964999999999999,0.01686499999999999,0.010374999999999995,0.004696249999999999,-0.19455461,0,riverside,2020,water
0.11630499999999999,0.08440500000000001,0.05316500000000002,0.1953125,0.25354,0,riverside,2020,water
0.003498166666666666,0.013696999999999999,0.006349687499999996,1.9999999999999383E-4,-0.8918383,0,riverside,2020,water
0.02724625,0.0489575,0.01517375,0.014829999999999996,-0.29508927,0,riverside,2020,water
0.0035962499999999953,0.013111250000000005,0.0060437500000000005,0.002441249999999992,-0.19130434,0,riverside,2020,water
0.003637499999999988,0.012107499999999993,0.006305000000000005,0.0018775000000000042,-0.31912965,0,riverside,2020,water
0.005424999999999999,0.015448749999999997,0.006332499999999991,0.004022499999999984,-0.14845197,0,riverside,2020,water
0.008986250000000001,0.020687499999999998,0.011323749999999994,0.0021891666666666587,-0.6082174,0,riverside,2020,water
0.005315,0.014719999999999997,0.007116249999999991,0.003060000000000007,-0.26925373,0,riverside,2020,water
0.026379999999999987,0.05018125000000001,0.01296,0.012643749999999995,-0.35199717,0,riverside,2020,water
0.004792500000000005,0.014335,0.0054112499999999925,0.004132499999999997,-0.07394958,0,riverside,2020,water
0.004258999999999996,0.015352500000000005,0.005610624999999994,0.0010799999999999907,-0.59542984,0,riverside,2020,water
0.008202500000000001,0.017538749999999992,0.013523750000000001,0.006868749999999993,-0.08849631,0,riverside,2020,water
